statusTitle,status,price,imageURL,harURL,addressLine1,addressLine2,city,state,zip,statusDetails,buildingType,beds,fullBaths,interiorSize,pricePer,Geocodio Latitude,Geocodio Longitude,Geocodio Accuracy Score,Geocodio Accuracy Type,Geocodio Address Line 1,Geocodio Address Line 2,Geocodio Address Line 3,Geocodio Address Line 4,Geocodio House Number,Geocodio Street,Geocodio Unit Type,Geocodio Unit Number,Geocodio City,Geocodio State / Province,Geocodio Nation,Geocodio County,Geocodio Postal Code,Geocodio Country,Geocodio Building Name,Geocodio Source,Geocodio Stable Address Key,Geocodio Match Type,Census Year,State FIPS,County FIPS,Place Name,Place FIPS,Census Tract Code,Census Block Code,Census Block Group,Full FIPS (block),Full FIPS (tract),Metro/Micro Statistical Area Name,Metro/Micro Statistical Area Code,Metro/Micro Statistical Area Type,Combined Statistical Area Name,Combined Statistical Area Code,Metropolitan Division Area Name,Metropolitan Division Area Code,County Subdivision Name,County Subdivision FIPS,County Subdivision Class Code,County Subdivision Class Description,Unified School District Name,Unified School District LEA code,Unified School District Grade Low,Unified School District Grade High,Elementary School District Name,Elementary School District LEA code,Elementary School District Grade Low,Elementary School District Grade High,Secondary School District Name,Secondary School District LEA code,Secondary School District Grade Low,Secondary School District Grade High,ZIP+4 Range Start,ZIP+4 Range End (or blank if no range),ZIP 9 Range Start,ZIP 9 Range End (or blank if no range)
For Sale,Active,193000,https://mediahar.harstatic.com/807732378/lr/807732871.jpeg,https://www.har.com/homedetail/204-dipping-stream-st-houston-tx-77076/16579711,204 Dipping Stream St,"Houston, TX 77076",Houston,TX,77076,For Sale,Single-Family,2,2,873,221,29.851024,-95.374747,1,rooftop,204 Dipping Stream St,,"Houston, TX 77076",,204,Dipping Stream St,,,Houston,TX,,Harris County,77076,US,,City of Houston,gcod_usn6m898c28w9fzdtg76ktgd2tu67,building_centroid,2025,48,48201,Houston,4835000,221301,1013,1,482012213011013,48201221301,"Houston-Pasadena-The Woodlands, TX",26420,metropolitan,"Houston-Pasadena, TX",288,,,Houston,91835,Z5,A statistical county subdivision,Houston Independent School District,4823640,PK,12,See unified,,,,See unified,,,,1851,,77076-1851,
For Sale,Active,199000,https://mediahar.harstatic.com/807642104/lr/807645960.jpeg,https://www.har.com/homedetail/9918-dipping-woods-st-houston-tx-77076/16579708,9918 Dipping Woods St,"Houston, TX 77076",Houston,TX,77076,For Sale,Single-Family,2,2,2,966,29.850658,-95.374666,1,rooftop,9918 Dipping Woods St,,"Houston, TX 77076",,9918,Dipping Woods St,,,Houston,TX,,Harris County,77076,US,,City of Houston,gcod_usn83y7x5brtxf45hdezb2kswn6m9,building_centroid,2025,48,48201,Houston,4835000,221301,1013,1,482012213011013,48201221301,"Houston-Pasadena-The Woodlands, TX",26420,metropolitan,"Houston-Pasadena, TX",288,,,Houston,91835,Z5,A statistical county subdivision,Houston Independent School District,4823640,PK,12,See unified,,,,See unified,,,,1088,,77076-1088,
For Sale,Active,193000,https://mediahar.harstatic.com/807649275/lr/807652690.jpeg,https://www.har.com/homedetail/212-dipping-stream-st-houston-tx-77076/16579714,210 Dipping Stream St,"Houston, TX 77076",Houston,TX,77076,For Sale,Single-Family,2,2,873,221,29.851034,-95.374353,1,rooftop,210 Dipping Stream St,,"Houston, TX 77076",,210,Dipping Stream St,,,Houston,TX,,Harris County,77076,US,,City of Houston,gcod_usn6m898c28w9fzdfmvblm7mw6yza,building_centroid,2025,48,48201,Houston,4835000,221301,1013,1,482012213011013,48201221301,"Houston-Pasadena-The Woodlands, TX",26420,metropolitan,"Houston-Pasadena, TX",288,,,Houston,91835,Z5,A statistical county subdivision,Houston Independent School District,4823640,PK,12,See unified,,,,See unified,,,,1851,,77076-1851,
Under Contract - Pending,Under Contract - P,230000,https://mediahar.harstatic.com/804615560/lr/807662835.jpeg,https://www.har.com/homedetail/9904-dipping-brook-st-houston-tx-77076/16579702,9904 Dipping Brook St,"Houston, TX 77076",Houston,TX,77076,For Sale,Single-Family,3,2,1241,185,29.850317,-95.373954,1,rooftop,9904 Dipping Brook St,,"Houston, TX 77076",,9904,Dipping Brook St,,,Houston,TX,,Harris County,77076,US,,City of Houston,gcod_usnvuhknp7lt54mamqlk3kakznwxc,building_centroid,2025,48,48201,Houston,4835000,221301,1013,1,482012213011013,48201221301,"Houston-Pasadena-The Woodlands, TX",26420,metropolitan,"Houston-Pasadena, TX",288,,,Houston,91835,Z5,A statistical county subdivision,Houston Independent School District,4823640,PK,12,See unified,,,,See unified,,,,1852,,77076-1852,
For Sale,Active,234000,https://mediahar.harstatic.com/753535925/lr/762264331.jpeg,https://www.har.com/homedetail/213-dipping-stream-st-houston-tx-77076/16579693,213 Dipping Stream St,"Houston, TX 77076",Houston,TX,77076,For Sale,Single-Family,3,2,1124,208,29.85143,-95.374345,1,rooftop,213 Dipping Stream St,,"Houston, TX 77076",,213,Dipping Stream St,,,Houston,TX,,Harris County,77076,US,,City of Houston,gcod_usn6m898c28w9fzdjdqsmwav65fqh,building_centroid,2025,48,48201,Houston,4835000,221301,1013,1,482012213011013,48201221301,"Houston-Pasadena-The Woodlands, TX",26420,metropolitan,"Houston-Pasadena, TX",288,,,Houston,91835,Z5,A statistical county subdivision,Houston Independent School District,4823640,PK,12,See unified,,,,See unified,,,,1851,,77076-1851,
For Sale,Active,193000,https://mediahar.harstatic.com/765542874/lr/765643891.jpeg,https://www.har.com/homedetail/9903-dipping-woods-st-houston-tx-77076/16579515,9903 Dipping Woods St,"Houston, TX 77076",Houston,TX,77076,For Sale,Single-Family,2,2,873,221,29.849881,-95.375108,1,rooftop,9903 Dipping Woods St,,"Houston, TX 77076",,9903,Dipping Woods St,,,Houston,TX,,Harris County,77076,US,,City of Houston,gcod_usn83y7x5brtxf45barrj6zc5dzsa,building_centroid,2025,48,48201,Houston,4835000,221301,1013,1,482012213011013,48201221301,"Houston-Pasadena-The Woodlands, TX",26420,metropolitan,"Houston-Pasadena, TX",288,,,Houston,91835,Z5,A statistical county subdivision,Houston Independent School District,4823640,PK,12,See unified,,,,See unified,,,,1088,,77076-1088,
For Sale,Active,289000,https://mediahar.harstatic.com/745978328/lr/745982754.jpeg,https://www.har.com/homedetail/9916-dipping-woods-st-houston-tx-77076/16579707,9916 Dipping Woods St,"Houston, TX 77076",Houston,TX,77076,For Sale,Single-Family,3,2,1,1648,29.850548,-95.374664,1,rooftop,9916 Dipping Woods St,,"Houston, TX 77076",,9916,Dipping Woods St,,,Houston,TX,,Harris County,77076,US,,City of Houston,gcod_usn83y7x5brtxf45uv4l5valhr23b,building_centroid,2025,48,48201,Houston,4835000,221301,1013,1,482012213011013,48201221301,"Houston-Pasadena-The Woodlands, TX",26420,metropolitan,"Houston-Pasadena, TX",288,,,Houston,91835,Z5,A statistical county subdivision,Houston Independent School District,4823640,PK,12,See unified,,,,See unified,,,,1088,,77076-1088,
For Sale,Active,245000,https://mediahar.harstatic.com/729850730/lr/734227191.jpeg,https://www.har.com/homedetail/9906-dipping-brook-st-houston-tx-77076/16579701,9906 Dipping Brook St,"Houston, TX 77076",Houston,TX,77076,For Sale,Single-Family,3,2,1350,181,29.850434,-95.373949,1,rooftop,9906 Dipping Brook St,,"Houston, TX 77076",,9906,Dipping Brook St,,,Houston,TX,,Harris County,77076,US,,City of Houston,gcod_usnvuhknp7lt54ma6ufsterwrqmmg,building_centroid,2025,48,48201,Houston,4835000,221301,1013,1,482012213011013,48201221301,"Houston-Pasadena-The Woodlands, TX",26420,metropolitan,"Houston-Pasadena, TX",288,,,Houston,91835,Z5,A statistical county subdivision,Houston Independent School District,4823640,PK,12,See unified,,,,See unified,,,,1852,,77076-1852,
For Sale,Active,199000,https://mediahar.harstatic.com/668967722/lr/734517853.jpeg,https://www.har.com/homedetail/9907-dipping-brook-st-houston-tx-77076/16579718,9907 Dipping Brook St,"Houston, TX 77076",Houston,TX,77076,For Sale,Single-Family,2,2,966,206,29.850552,-95.374406,1,rooftop,9907 Dipping Brook St,,"Houston, TX 77076",,9907,Dipping Brook St,,,Houston,TX,,Harris County,77076,US,,City of Houston,gcod_usnvuhknp7lt54magwb88t46em9b2,building_centroid,2025,48,48201,Houston,4835000,221301,1013,1,482012213011013,48201221301,"Houston-Pasadena-The Woodlands, TX",26420,metropolitan,"Houston-Pasadena, TX",288,,,Houston,91835,Z5,A statistical county subdivision,Houston Independent School District,4823640,PK,12,See unified,,,,See unified,,,,1852,,77076-1852,
For Sale,Active,199000,https://mediahar.harstatic.com/668989143/lr/734510663.jpeg,https://www.har.com/homedetail/9905-dipping-brook-st-houston-tx-77076/16579719,9905 Dipping Brook St,"Houston, TX 77076",Houston,TX,77076,For Sale,Single-Family,2,2,2,966,29.850442,-95.374404,1,rooftop,9905 Dipping Brook St,,"Houston, TX 77076",,9905,Dipping Brook St,,,Houston,TX,,Harris County,77076,US,,City of Houston,gcod_usnvuhknp7lt54ma2q6lla645scq2,building_centroid,2025,48,48201,Houston,4835000,221301,1013,1,482012213011013,48201221301,"Houston-Pasadena-The Woodlands, TX",26420,metropolitan,"Houston-Pasadena, TX",288,,,Houston,91835,Z5,A statistical county subdivision,Houston Independent School District,4823640,PK,12,See unified,,,,See unified,,,,1852,,77076-1852,
Under Contract - Pending,Under Contract - P,274990,https://mediahar.harstatic.com/795297200/lr/795304305.jpeg,https://www.har.com/homedetail/8803-robin-song-trl-houston-tx-77078/16114503,8803 Robin Song Trl,"Houston, TX 77078",Houston,TX,77078,For Sale,Single-Family,3,2,1459,188,29.85193,-95.245417,1,rooftop,8803 Robin Song Trl,,"Houston, TX 77078",,8803,Robin Song Trl,,,Houston,TX,,Harris County,77078,US,,City of Houston,gcod_usnz9k9euzq5b6v6sezsea3vv4fdf,building_centroid,2025,48,48201,Houston,4835000,231200,4011,4,482012312004011,48201231200,"Houston-Pasadena-The Woodlands, TX",26420,metropolitan,"Houston-Pasadena, TX",288,,,Houston,91835,Z5,A statistical county subdivision,Houston Independent School District,4823640,PK,12,See unified,,,,See unified,,,,1218,,77078-1218,
For Sale,Active,269990,https://mediahar.harstatic.com/795305756/lr/802202977.jpeg,https://www.har.com/homedetail/8811-bird-branch-dr-houston-tx-77078/16114555,8811 Bird Branch Dr,"Houston, TX 77078",Houston,TX,77078,For Sale,Single-Family,3,2,1459,185,29.851651,-95.247529,1,rooftop,8811 Bird Branch Dr,,"Houston, TX 77078",,8811,Bird Branch Dr,,,Houston,TX,,Harris County,77078,US,,City of Houston,gcod_usnwg6zqe7wgedj3mc467uj8rweba,building_centroid,2025,48,48201,Houston,4835000,231200,4011,4,482012312004011,48201231200,"Houston-Pasadena-The Woodlands, TX",26420,metropolitan,"Houston-Pasadena, TX",288,,,Houston,91835,Z5,A statistical county subdivision,Houston Independent School District,4823640,PK,12,See unified,,,,See unified,,,,1213,,77078-1213,
Under Contract - Pending,Under Contract - P,261990,https://mediahar.harstatic.com/730692610/lr/730695135.jpeg,https://www.har.com/homedetail/0-robin-song-trl-houston-tx-77078/16114584,8907 Robin Song Trl,"Houston, TX 77078",Houston,TX,77078,For Sale,Single-Family,3,2,1255,20,29.853351,-95.245542,1,rooftop,8907 Robin Song Trl,,"Houston, TX 77078",,8907,Robin Song Trl,,,Houston,TX,,Harris County,77078,US,,City of Houston,gcod_usnz9k9euzq5b6v69puuk3vg2j22f,building_centroid,2025,48,48201,Houston,4835000,231200,4011,4,482012312004011,48201231200,"Houston-Pasadena-The Woodlands, TX",26420,metropolitan,"Houston-Pasadena, TX",288,,,Houston,91835,Z5,A statistical county subdivision,Houston Independent School District,4823640,PK,12,See unified,,,,See unified,,,,1219,,77078-1219,
For Sale,Active,235990,https://mediahar.harstatic.com/809662272/lr/809662284.jpeg,https://www.har.com/homedetail/6006-pineapple-st-houston-tx-77048/17086776?cid=henjan,6006 Pineapple St,"Houston, TX 77048",Houston,TX,77048,For Sale,Single-Family,3,2,1,1206,29.633941,-95.326179,1,rooftop,6006 Pineapple St,,"Houston, TX 77048",,6006,Pineapple St,,,Houston,TX,,Harris County,77048,US,,City of Houston,gcod_usn7rcbdrvkj6k2dp2z9a7pv4cl3b,building_centroid,2025,48,48201,Houston,4835000,331602,1003,1,482013316021003,48201331602,"Houston-Pasadena-The Woodlands, TX",26420,metropolitan,"Houston-Pasadena, TX",288,,,Houston,91835,Z5,A statistical county subdivision,Houston Independent School District,4823640,PK,12,See unified,,,,See unified,,,,1443,,77048-1443,
For Sale,Active,199000,https://mediahar.harstatic.com/807663585/lr/807663755.jpeg,https://www.har.com/homedetail/6009-pineapple-st-houston-tx-77048/17086752?cid=henjan,6009 Pineapple St,"Houston, TX 77048",Houston,TX,77048,For Sale,Single-Family,2,2,813,245,29.634349,-95.326074,1,rooftop,6009 Pineapple St,,"Houston, TX 77048",,6009,Pineapple St,,,Houston,TX,,Harris County,77048,US,,City of Houston,gcod_usn7rcbdrvkj6k2dt2dytybtaxbff,building_centroid,2025,48,48201,Houston,4835000,331602,1003,1,482013316021003,48201331602,"Houston-Pasadena-The Woodlands, TX",26420,metropolitan,"Houston-Pasadena, TX",288,,,Houston,91835,Z5,A statistical county subdivision,Houston Independent School District,4823640,PK,12,See unified,,,,See unified,,,,1443,,77048-1443,
For Sale,Active,313990,https://mediahar.harstatic.com/806431126/lr/806431162.jpeg,https://www.har.com/homedetail/1209-mansfield-grove-ln-houston-tx-77091/17660552?cid=henjan,1209 Mansfield Grove Ln,"Houston, TX 77091",Houston,TX,77091,For Sale,Single-Family,3,2,1,1483,29.849974,-95.431206,1,rooftop,1209 Mans Field Grove Ln,,"Houston, TX 77091",,1209,Mans Field Grove Ln,,,Houston,TX,,Harris County,77091,US,,City of Houston,gcod_usnmujrzrvhmp39fkel73lafptep6,building_centroid,2025,48,48201,Houston,4835000,531800,1014,1,482015318001014,48201531800,"Houston-Pasadena-The Woodlands, TX",26420,metropolitan,"Houston-Pasadena, TX",288,,,Houston,91835,Z5,A statistical county subdivision,Aldine Independent School District,4807710,PK,12,See unified,,,,See unified,,,,,,,
For Sale,Active,216990,https://mediahar.harstatic.com/805667844/lr/805667851.jpeg,https://www.har.com/homedetail/6031-pineapple-st-houston-tx-77048/17086763?cid=henjan,6031 Pineapple St,"Houston, TX 77048",Houston,TX,77048,For Sale,Single-Family,2,2,813,267,29.634357,-95.324844,1,rooftop,6031 Pineapple St,,"Houston, TX 77048",,6031,Pineapple St,,,Houston,TX,,Harris County,77048,US,,Harris Central Appraisal District,gcod_usn7rcbdrvkj6k2dxuncrqapnvhsd,building_centroid,2025,48,48201,Houston,4835000,331602,1003,1,482013316021003,48201331602,"Houston-Pasadena-The Woodlands, TX",26420,metropolitan,"Houston-Pasadena, TX",288,,,Houston,91835,Z5,A statistical county subdivision,Houston Independent School District,4823640,PK,12,See unified,,,,See unified,,,,1443,,77048-1443,
For Sale,Active,233990,https://mediahar.harstatic.com/805669452/lr/805669656.jpeg,https://www.har.com/homedetail/6002-madden-ln-houston-tx-77048/16586670?cid=henjan,6002 Madden Ln,"Houston, TX 77048",Houston,TX,77048,For Sale,Single-Family,3,2,1,1206,29.633258,-95.32626,1,rooftop,6002 Madden Ln,,"Houston, TX 77048",,6002,Madden Ln,,,Houston,TX,,Harris County,77048,US,,City of Houston,gcod_usna8uznth2hsd7e9slar98fz2p9c,building_centroid,2025,48,48201,Houston,4835000,331602,1003,1,482013316021003,48201331602,"Houston-Pasadena-The Woodlands, TX",26420,metropolitan,"Houston-Pasadena, TX",288,,,Houston,91835,Z5,A statistical county subdivision,Houston Independent School District,4823640,PK,12,See unified,,,,See unified,,,,2222,,77048-2222,
For Sale,Active,214990,https://mediahar.harstatic.com/805665245/lr/805666891.jpeg,https://www.har.com/homedetail/11708-watermelon-st-houston-tx-77048/17086745?cid=henjan,11708 Watermelon St,"Houston, TX 77048",Houston,TX,77048,For Sale,Single-Family,2,2,813,264,29.63396,-95.326556,1,rooftop,11708 Watermelon St,,"Houston, TX 77048",,11708,Watermelon St,,,Houston,TX,,Harris County,77048,US,,City of Houston,gcod_usngvcdd44txbkp3t9s3p9mk23dmb,building_centroid,2025,48,48201,Houston,4835000,331602,1003,1,482013316021003,48201331602,"Houston-Pasadena-The Woodlands, TX",26420,metropolitan,"Houston-Pasadena, TX",288,,,Houston,91835,Z5,A statistical county subdivision,Houston Independent School District,4823640,PK,12,See unified,,,,See unified,,,,1445,,77048-1445,
For Sale,Active,236990,https://mediahar.harstatic.com/805667914/lr/805667924.jpeg,https://www.har.com/homedetail/6006-madden-ln-houston-tx-77048/16586672?cid=henjan,6006 Madden Ln,"Houston, TX 77048",Houston,TX,77048,For Sale,Single-Family,3,2,1023,232,29.633255,-95.326042,1,rooftop,6006 Madden Ln,,"Houston, TX 77048",,6006,Madden Ln,,,Houston,TX,,Harris County,77048,US,,City of Houston,gcod_usna8uznth2hsd7enuf7wjhmgrrx2,building_centroid,2025,48,48201,Houston,4835000,331602,1003,1,482013316021003,48201331602,"Houston-Pasadena-The Woodlands, TX",26420,metropolitan,"Houston-Pasadena, TX",288,,,Houston,91835,Z5,A statistical county subdivision,Houston Independent School District,4823640,PK,12,See unified,,,,See unified,,,,2222,,77048-2222,
For Sale,Active,262990,https://mediahar.harstatic.com/805676577/lr/805676605.jpeg,https://www.har.com/homedetail/11904-orange-passion-ln-houston-tx-77048/17659594?cid=henjan,11904 Orange Passion Ln,"Houston, TX 77048",Houston,TX,77048,For Sale,Single-Family,3,2,1156,228,29.631274,-95.320392,1,rooftop,11904 Orange Passion Dr,,"Houston, TX 77048",,11904,Orange Passion Dr,,,Houston,TX,,Harris County,77048,US,,City of Houston,gcod_usnpjc3b256r88wa7subr4ufepzf5,building_centroid,2025,48,48201,Houston,4835000,331602,1010,1,482013316021010,48201331602,"Houston-Pasadena-The Woodlands, TX",26420,metropolitan,"Houston-Pasadena, TX",288,,,Houston,91835,Z5,A statistical county subdivision,Houston Independent School District,4823640,PK,12,See unified,,,,See unified,,,,1627,,77048-1627,
For Sale,Active,270145,https://mediahar.harstatic.com/805677103/lr/805677125.jpeg,https://www.har.com/homedetail/6233-weezy-willow-ln-houston-tx-77048/17440581?cid=henjan,6233 Weezy Willow Ln,"Houston, TX 77048",Houston,TX,77048,For Sale,Single-Family,3,2,1280,211,29.631519,-95.318491,1,rooftop,6233 Weezy Willow Ln,,"Houston, TX 77048",,6233,Weezy Willow Ln,,,Houston,TX,,Harris County,77048,US,,City of Houston,gcod_usnwgxu4428aal5ak82sy2dft4ruf,building_centroid,2025,48,48201,Houston,4835000,331602,1010,1,482013316021010,48201331602,"Houston-Pasadena-The Woodlands, TX",26420,metropolitan,"Houston-Pasadena, TX",288,,,Houston,91835,Z5,A statistical county subdivision,Houston Independent School District,4823640,PK,12,See unified,,,,See unified,,,,1621,,77048-1621,
For Sale,Active,232990,https://mediahar.harstatic.com/805669017/lr/805669041.jpeg,https://www.har.com/homedetail/6018-pineapple-st-houston-tx-77048/17086782?cid=henjan,6018 pineapple St,"Houston, TX 77048",Houston,TX,77048,For Sale,Single-Family,3,2,1,1206,29.633934,-95.325512,1,rooftop,6018 Pineapple St,,"Houston, TX 77048",,6018,Pineapple St,,,Houston,TX,,Harris County,77048,US,,City of Houston,gcod_usn7rcbdrvkj6k2dd4e3r6luvlgp5,building_centroid,2025,48,48201,Houston,4835000,331602,1003,1,482013316021003,48201331602,"Houston-Pasadena-The Woodlands, TX",26420,metropolitan,"Houston-Pasadena, TX",288,,,Houston,91835,Z5,A statistical county subdivision,Houston Independent School District,4823640,PK,12,See unified,,,,See unified,,,,1443,,77048-1443,
For Sale,Active,289990,https://mediahar.harstatic.com/804265591/lr/804265635.jpeg,https://www.har.com/homedetail/5214-greengrass-willow-way-houston-tx-77048/17657236?cid=henjan,5214 Greengrass Willow Way,"Houston, TX 77048",Houston,TX,77048,For Sale,Single-Family,3,2,1617,179,29.613993,-95.331117,1,rooftop,5214 Greengrass Willow Way,,"Houston, TX 77048",,5214,Greengrass Willow Way,,,Houston,TX,,Harris County,77048,US,,City of Houston,gcod_usneb4z49q2f49r8bz7dqkq8k8bfd,building_centroid,2025,48,48201,Houston,4835000,330801,2018,2,482013308012018,48201330801,"Houston-Pasadena-The Woodlands, TX",26420,metropolitan,"Houston-Pasadena, TX",288,,,Houston,91835,Z5,A statistical county subdivision,Houston Independent School District,4823640,PK,12,See unified,,,,See unified,,,,3905,,77048-3905,
For Sale,Active,307990,https://mediahar.harstatic.com/804265696/lr/804265708.jpeg,https://www.har.com/homedetail/13406-verbena-vista-trl-houston-tx-77048/17657238?cid=henjan,13406 Verbena Vista Trl,"Houston, TX 77048",Houston,TX,77048,For Sale,Single-Family,3,2,1617,190,29.614029,-95.33394,1,rooftop,13406 Verbena Vista Trl,,"Houston, TX 77048",,13406,Verbena Vista Trl,,,Houston,TX,,Harris County,77048,US,,City of Houston,gcod_usnx26d7jbb4zdndltc6m6gjgq3s2,building_centroid,2025,48,48201,Houston,4835000,330801,2018,2,482013308012018,48201330801,"Houston-Pasadena-The Woodlands, TX",26420,metropolitan,"Houston-Pasadena, TX",288,,,Houston,91835,Z5,A statistical county subdivision,Houston Independent School District,4823640,PK,12,See unified,,,,See unified,,,,,,,
For Sale,Active,323990,https://mediahar.harstatic.com/804265790/lr/804265799.jpeg,https://www.har.com/homedetail/13404-verbena-vista-trl-houston-tx-77048/17657237?cid=henjan,13404 Verbena Vista Trl,"Houston, TX 77048",Houston,TX,77048,For Sale,Single-Family,4,2,1,2042,29.614142,-95.333936,1,rooftop,13404 Verbena Vista Trl,,"Houston, TX 77048",,13404,Verbena Vista Trl,,,Houston,TX,,Harris County,77048,US,,City of Houston,gcod_usnx26d7jbb4zdndqaxgd9wubmkm6,building_centroid,2025,48,48201,Houston,4835000,330801,2018,2,482013308012018,48201330801,"Houston-Pasadena-The Woodlands, TX",26420,metropolitan,"Houston-Pasadena, TX",288,,,Houston,91835,Z5,A statistical county subdivision,Houston Independent School District,4823640,PK,12,See unified,,,,See unified,,,,,,,
For Sale,Active,307990,https://mediahar.harstatic.com/804312426/lr/804312642.jpeg,https://www.har.com/homedetail/5206-purple-beebalm-ln-houston-tx-77048/17657313?cid=henjan,5206 Purple Beebalm Ln,"Houston, TX 77048",Houston,TX,77048,For Sale,Single-Family,3,2,1617,190,29.614781,-95.331508,1,rooftop,5206 Purple Beebalm Ln,,"Houston, TX 77048",,5206,Purple Beebalm Ln,,,Houston,TX,,Harris County,77048,US,,City of Houston,gcod_usnldy7khqadkaaew8w3jy8qh7pf8,building_centroid,2025,48,48201,Houston,4835000,330801,2018,2,482013308012018,48201330801,"Houston-Pasadena-The Woodlands, TX",26420,metropolitan,"Houston-Pasadena, TX",288,,,Houston,91835,Z5,A statistical county subdivision,Houston Independent School District,4823640,PK,12,See unified,,,,See unified,,,,3900,,77048-3900,
Under Contract - Pending,Under Contract - P,199990,https://mediahar.harstatic.com/804319672/lr/804319751.jpeg,https://www.har.com/homedetail/6021-pineapple-st-houston-tx-77048/17086758?cid=henjan,6021 Pineapple St,"Houston, TX 77048",Houston,TX,77048,For Sale,Single-Family,2,2,813,246,29.63434,-95.325405,1,rooftop,6021 Pineapple St,,"Houston, TX 77048",,6021,Pineapple St,,,Houston,TX,,Harris County,77048,US,,City of Houston,gcod_usn7rcbdrvkj6k2dlckydbdny472c,building_centroid,2025,48,48201,Houston,4835000,331602,1003,1,482013316021003,48201331602,"Houston-Pasadena-The Woodlands, TX",26420,metropolitan,"Houston-Pasadena, TX",288,,,Houston,91835,Z5,A statistical county subdivision,Houston Independent School District,4823640,PK,12,See unified,,,,See unified,,,,1443,,77048-1443,
For Sale,Active,316990,https://mediahar.harstatic.com/804109794/lr/804109882.jpeg,https://www.har.com/homedetail/5210-purple-beebalm-ln-houston-tx-77048/17656944?cid=henjan,5210 Purple Beebalm Ln,"Houston, TX 77048",Houston,TX,77048,For Sale,Single-Family,4,2,1,1951,29.614779,-95.331246,1,rooftop,5210 Purple Beebalm Ln,,"Houston, TX 77048",,5210,Purple Beebalm Ln,,,Houston,TX,,Harris County,77048,US,,City of Houston,gcod_usnldy7khqadkaaejshp6hj53geta,building_centroid,2025,48,48201,Houston,4835000,330801,2018,2,482013308012018,48201330801,"Houston-Pasadena-The Woodlands, TX",26420,metropolitan,"Houston-Pasadena, TX",288,,,Houston,91835,Z5,A statistical county subdivision,Houston Independent School District,4823640,PK,12,See unified,,,,See unified,,,,3900,,77048-3900,
For Sale,Active,293990,https://mediahar.harstatic.com/804120586/lr/804120612.jpeg,https://www.har.com/homedetail/5214-purple-beebalm-ln-houston-tx-77048/17656972?cid=henjan,5214 Purple Beebalm Ln,"Houston, TX 77048",Houston,TX,77048,For Sale,Single-Family,3,2,1539,191,29.614776,-95.330992,1,rooftop,5214 Purple Beebalm Ln,,"Houston, TX 77048",,5214,Purple Beebalm Ln,,,Houston,TX,,Harris County,77048,US,,City of Houston,gcod_usnldy7khqadkaaer4ckydyhn62x4,building_centroid,2025,48,48201,Houston,4835000,330801,2018,2,482013308012018,48201330801,"Houston-Pasadena-The Woodlands, TX",26420,metropolitan,"Houston-Pasadena, TX",288,,,Houston,91835,Z5,A statistical county subdivision,Houston Independent School District,4823640,PK,12,See unified,,,,See unified,,,,3900,,77048-3900,
For Sale,Active,291990,https://mediahar.harstatic.com/804125318/lr/804125705.jpeg,https://www.har.com/homedetail/5203-greengrass-willow-way-houston-tx-77048/17657126?cid=henjan,5203 Greengrass Willow Way,"Houston, TX 77048",Houston,TX,77048,For Sale,Single-Family,3,2,1558,187,29.614461,-95.33179,1,rooftop,5203 Greengrass Willow Way,,"Houston, TX 77048",,5203,Greengrass Willow Way,,,Houston,TX,,Harris County,77048,US,,City of Houston,gcod_usneb4z49q2f49r8z55megapa4t27,building_centroid,2025,48,48201,Houston,4835000,330801,2018,2,482013308012018,48201330801,"Houston-Pasadena-The Woodlands, TX",26420,metropolitan,"Houston-Pasadena, TX",288,,,Houston,91835,Z5,A statistical county subdivision,Houston Independent School District,4823640,PK,12,See unified,,,,See unified,,,,3905,,77048-3905,
For Sale,Active,299990,https://mediahar.harstatic.com/804126805/lr/804126840.jpeg,https://www.har.com/homedetail/5102-greengrass-willow-way-houston-tx-77048/17657125?cid=henjan,5102 Greengrass Willow Way,"Houston, TX 77048",Houston,TX,77048,For Sale,Single-Family,3,2,1558,193,29.614012,-95.333546,1,rooftop,5102 Greengrass Willow Way,,"Houston, TX 77048",,5102,Greengrass Willow Way,,,Houston,TX,,Harris County,77048,US,,City of Houston,gcod_usneb4z49q2f49r8tcxwvrpp2lqj4,building_centroid,2025,48,48201,Houston,4835000,330801,2018,2,482013308012018,48201330801,"Houston-Pasadena-The Woodlands, TX",26420,metropolitan,"Houston-Pasadena, TX",288,,,Houston,91835,Z5,A statistical county subdivision,Houston Independent School District,4823640,PK,12,See unified,,,,See unified,,,,3904,,77048-3904,
Under Contract - Pending,Under Contract - P,284990,https://mediahar.harstatic.com/803724150/lr/803724186.jpeg,https://www.har.com/homedetail/5824-mansfield-creek-ln-houston-tx-77091/17656310?cid=henjan,5824 Mansfield Creek Ln,"Houston, TX 77091",Houston,TX,77091,For Sale,Single-Family,3,2,1,1483,29.850458,-95.431283,1,rooftop,5824 Mans Field Creek Ln,,"Houston, TX 77091",,5824,Mans Field Creek Ln,,,Houston,TX,,Harris County,77091,US,,City of Houston,gcod_usncup8nm9kxh6pftvv6sb2jnj5db,building_centroid,2025,48,48201,Houston,4835000,531800,1014,1,482015318001014,48201531800,"Houston-Pasadena-The Woodlands, TX",26420,metropolitan,"Houston-Pasadena, TX",288,,,Houston,91835,Z5,A statistical county subdivision,Aldine Independent School District,4807710,PK,12,See unified,,,,See unified,,,,,,,
For Sale,Active,249990,https://mediahar.harstatic.com/803726881/lr/803727148.jpeg,https://www.har.com/homedetail/11957-mulberry-vine-ln-houston-tx-77048/17440468?cid=henjan,11957 Mulberry Vine Ln,"Houston, TX 77048",Houston,TX,77048,For Sale,Single-Family,3,2,1280,195,29.63113,-95.317784,1,rooftop,11957 Mulberry Vine Ln,,"Houston, TX 77048",,11957,Mulberry Vine Ln,,,Houston,TX,,Harris County,77048,US,,City of Houston,gcod_usn7ez3chwqe62y7d7wclb3ev43x4,building_centroid,2025,48,48201,Houston,4835000,331602,1010,1,482013316021010,48201331602,"Houston-Pasadena-The Woodlands, TX",26420,metropolitan,"Houston-Pasadena, TX",288,,,Houston,91835,Z5,A statistical county subdivision,Houston Independent School District,4823640,PK,12,See unified,,,,See unified,,,,1628,,77048-1628,
For Sale,Active,256990,https://mediahar.harstatic.com/803730750/lr/803730827.jpeg,https://www.har.com/homedetail/6231-weezy-willow-ln-houston-tx-77048/17440582?cid=henjan,6231 Weezy Willow Ln,"Houston, TX 77048",Houston,TX,77048,For Sale,Single-Family,3,2,1434,179,29.631513,-95.318616,1,rooftop,6231 Weezy Willow Ln,,"Houston, TX 77048",,6231,Weezy Willow Ln,,,Houston,TX,,Harris County,77048,US,,City of Houston,gcod_usnwgxu4428aal5aj7rxfadcsyrv5,building_centroid,2025,48,48201,Houston,4835000,331602,1010,1,482013316021010,48201331602,"Houston-Pasadena-The Woodlands, TX",26420,metropolitan,"Houston-Pasadena, TX",288,,,Houston,91835,Z5,A statistical county subdivision,Houston Independent School District,4823640,PK,12,See unified,,,,See unified,,,,1621,,77048-1621,
Under Contract - Pending,Under Contract - P,303990,https://mediahar.harstatic.com/800132309/lr/803711679.jpeg,https://www.har.com/homedetail/13332-mountain-mint-way-houston-tx-77048/17648354?cid=henjan,13332 Mountain Mint Way,"Houston, TX 77048",Houston,TX,77048,For Sale,Single-Family,4,2,1,1951,29.614624,-95.332237,1,rooftop,13332 Mountain Mint Way,,"Houston, TX 77048",,13332,Mountain Mint Way,,,Houston,TX,,Harris County,77048,US,,City of Houston,gcod_usngyc6d374eq49fl9npljwwvj8dd,building_centroid,2025,48,48201,Houston,4835000,330801,2018,2,482013308012018,48201330801,"Houston-Pasadena-The Woodlands, TX",26420,metropolitan,"Houston-Pasadena, TX",288,,,Houston,91835,Z5,A statistical county subdivision,Houston Independent School District,4823640,PK,12,See unified,,,,See unified,,,,,,,
For Sale,Active,309990,https://mediahar.harstatic.com/800137449/lr/800137568.jpeg,https://www.har.com/homedetail/5802-mansfield-creek-ln-houston-tx-77091/17648359?cid=henjan,5802 Mansfield Creek Ln,"Houston, TX 77091",Houston,TX,77091,For Sale,Single-Family,3,2,1,1483,29.849843,-95.431241,1,rooftop,5802 Mans Field Creek Ln,,"Houston, TX 77091",,5802,Mans Field Creek Ln,,,Houston,TX,,Harris County,77091,US,,City of Houston,gcod_usncup8nm9kxh6pftmcs3uuvhabjb,building_centroid,2025,48,48201,Houston,4835000,531800,1014,1,482015318001014,48201531800,"Houston-Pasadena-The Woodlands, TX",26420,metropolitan,"Houston-Pasadena, TX",288,,,Houston,91835,Z5,A statistical county subdivision,Aldine Independent School District,4807710,PK,12,See unified,,,,See unified,,,,,,,
For Sale,Active,264990,https://mediahar.harstatic.com/800036850/lr/800036860.jpeg,https://www.har.com/homedetail/5208-purple-beebalm-way-houston-tx-77048/17648153?cid=henjan,5208 Purple Beebalm Way,"Houston, TX 77048",Houston,TX,77048,For Sale,Single-Family,3,2,1293,205,29.61478,-95.331377,1,rooftop,5208 Purple Beebalm Ln,,"Houston, TX 77048",,5208,Purple Beebalm Ln,,,Houston,TX,,Harris County,77048,US,,City of Houston,gcod_usnldy7khqadkaae4gm8j3pcyv6x6,building_centroid,2025,48,48201,Houston,4835000,330801,2018,2,482013308012018,48201330801,"Houston-Pasadena-The Woodlands, TX",26420,metropolitan,"Houston-Pasadena, TX",288,,,Houston,91835,Z5,A statistical county subdivision,Houston Independent School District,4823640,PK,12,See unified,,,,See unified,,,,3900,,77048-3900,
For Sale,Active,239990,https://mediahar.harstatic.com/798321464/lr/798321482.jpeg,https://www.har.com/homedetail/11967-mulberry-vine-ln-houston-tx-77048/17440473?cid=henjan,11967 Mulberry Vine Ln,"Houston, TX 77048",Houston,TX,77048,For Sale,Single-Family,3,2,1156,208,29.630563,-95.317763,1,rooftop,11967 Mulberry Vine Ln,,"Houston, TX 77048",,11967,Mulberry Vine Ln,,,Houston,TX,,Harris County,77048,US,,City of Houston,gcod_usn7ez3chwqe62y7fjs8rvs2se7y4,building_centroid,2025,48,48201,Houston,4835000,331602,1010,1,482013316021010,48201331602,"Houston-Pasadena-The Woodlands, TX",26420,metropolitan,"Houston-Pasadena, TX",288,,,Houston,91835,Z5,A statistical county subdivision,Houston Independent School District,4823640,PK,12,See unified,,,,See unified,,,,1628,,77048-1628,
Under Contract - Pending,Under Contract - P,239990,https://mediahar.harstatic.com/798322800/lr/798322811.jpeg,https://www.har.com/homedetail/6219-scarlet-halo-ln-houston-tx-77048/17440445?cid=henjan,6219 Scarlet Halo Ln,"Houston, TX 77048",Houston,TX,77048,For Sale,Single-Family,3,2,1280,187,29.634111,-95.319111,1,rooftop,6219 Scarlet Halo Ln,,"Houston, TX 77048",,6219,Scarlet Halo Ln,,,Houston,TX,,Harris County,77048,US,,City of Houston,gcod_usnuaf9nmd22rnreqfdfcrmah5g63,building_centroid,2025,48,48201,Houston,4835000,331602,1010,1,482013316021010,48201331602,"Houston-Pasadena-The Woodlands, TX",26420,metropolitan,"Houston-Pasadena, TX",288,,,Houston,91835,Z5,A statistical county subdivision,Houston Independent School District,4823640,PK,12,See unified,,,,See unified,,,,1623,,77048-1623,
For Sale,Active,219990,https://mediahar.harstatic.com/798320068/lr/798320077.jpeg,https://www.har.com/homedetail/11703-passion-fruit-ln-houston-tx-77048/17086767?cid=henjan,11703 Passion Fruit St,"Houston, TX 77048",Houston,TX,77048,For Sale,Single-Family,3,2,1023,215,29.634391,-95.32426,1,rooftop,11703 Passion Fruit Ln,,"Houston, TX 77048",,11703,Passion Fruit Ln,,,Houston,TX,,Harris County,77048,US,,Harris Central Appraisal District,gcod_usnxavuwgukebbnhyuve3mgnybqfe,building_centroid,2025,48,48201,Houston,4835000,331602,1003,1,482013316021003,48201331602,"Houston-Pasadena-The Woodlands, TX",26420,metropolitan,"Houston-Pasadena, TX",288,,,Houston,91835,Z5,A statistical county subdivision,Houston Independent School District,4823640,PK,12,See unified,,,,See unified,,,,2221,,77048-2221,
Under Contract - Pending,Under Contract - P,299990,https://mediahar.harstatic.com/796568176/lr/796568185.jpeg,https://www.har.com/homedetail/5811-burt-st-houston-tx-77091/17560610?cid=henjan,5811 Burt St,"Houston, TX 77091",Houston,TX,77091,For Sale,Single-Family,3,2,1,1483,29.850387,-95.43098,1,rooftop,5811 Burt St,,"Houston, TX 77091",,5811,Burt St,,,Houston,TX,,Harris County,77091,US,,City of Houston,gcod_usn2qwzga2mvga7ep693udfyb49kc,building_centroid,2025,48,48201,Houston,4835000,531800,1014,1,482015318001014,48201531800,"Houston-Pasadena-The Woodlands, TX",26420,metropolitan,"Houston-Pasadena, TX",288,,,Houston,91835,Z5,A statistical county subdivision,Aldine Independent School District,4807710,PK,12,See unified,,,,See unified,,,,4005,,77091-4005,
Under Contract - Pending,Under Contract - P,289990,https://mediahar.harstatic.com/796568223/lr/796568243.jpeg,https://www.har.com/homedetail/1207-mansfield-grove-st-houston-tx-77091/17642847?cid=henjan,1207 Mansfield Grove St,"Houston, TX 77091",Houston,TX,77091,For Sale,Single-Family,3,2,1,1483,29.849972,-95.431119,1,rooftop,1207 Mans Field Grove Ln,,"Houston, TX 77091",,1207,Mans Field Grove Ln,,,Houston,TX,,Harris County,77091,US,,City of Houston,gcod_usnmujrzrvhmp39fffx6bvks8cl4a,building_centroid,2025,48,48201,Houston,4835000,531800,1014,1,482015318001014,48201531800,"Houston-Pasadena-The Woodlands, TX",26420,metropolitan,"Houston-Pasadena, TX",288,,,Houston,91835,Z5,A statistical county subdivision,Aldine Independent School District,4807710,PK,12,See unified,,,,See unified,,,,,,,
Under Contract - Pending,Under Contract - P,289990,https://mediahar.harstatic.com/796564151/lr/803724541.jpeg,https://www.har.com/homedetail/5816-mansfield-creek-ln-houston-tx-77091/17626682?cid=henjan,5816 Mansfield Creek Ln,"Houston, TX 77091",Houston,TX,77091,For Sale,Single-Family,3,2,1,1586,29.850234,-95.431277,1,rooftop,5816 Mans Field Creek Ln,,"Houston, TX 77091",,5816,Mans Field Creek Ln,,,Houston,TX,,Harris County,77091,US,,City of Houston,gcod_usncup8nm9kxh6pfwbsel6va6c378,building_centroid,2025,48,48201,Houston,4835000,531800,1014,1,482015318001014,48201531800,"Houston-Pasadena-The Woodlands, TX",26420,metropolitan,"Houston-Pasadena, TX",288,,,Houston,91835,Z5,A statistical county subdivision,Aldine Independent School District,4807710,PK,12,See unified,,,,See unified,,,,,,,
Under Contract - Pending,Under Contract - P,284990,https://mediahar.harstatic.com/796567656/lr/796568102.jpeg,https://www.har.com/homedetail/5813-burt-st-lighthouse-point-tx-77091/17549734?cid=henjan,5813 Burt St,"Houston, TX 77091",Houston,TX,77091,For Sale,Single-Family,3,2,1,1483,29.850456,-95.430978,1,rooftop,5813 Burt St,,"Houston, TX 77091",,5813,Burt St,,,Houston,TX,,Harris County,77091,US,,City of Houston,gcod_usn2qwzga2mvga7esnvcf4ldslebh,building_centroid,2025,48,48201,Houston,4835000,531800,1014,1,482015318001014,48201531800,"Houston-Pasadena-The Woodlands, TX",26420,metropolitan,"Houston-Pasadena, TX",288,,,Houston,91835,Z5,A statistical county subdivision,Aldine Independent School District,4807710,PK,12,See unified,,,,See unified,,,,4005,,77091-4005,
Under Contract - Pending,Under Contract - P,294990,https://mediahar.harstatic.com/791177363/lr/792151522.jpeg,https://www.har.com/homedetail/5826-mansfield-creek-ln-houston-tx-77091/17635410?cid=henjan,5826 Mansfield Creek Ln,"Houston, TX 77091",Houston,TX,77091,For Sale,Single-Family,3,2,1,1586,29.850531,-95.431273,1,rooftop,5826 Mans Field Creek Ln,,"Houston, TX 77091",,5826,Mans Field Creek Ln,,,Houston,TX,,Harris County,77091,US,,City of Houston,gcod_usncup8nm9kxh6pfr4zyvxr7bacag,building_centroid,2025,48,48201,Houston,4835000,531800,1014,1,482015318001014,48201531800,"Houston-Pasadena-The Woodlands, TX",26420,metropolitan,"Houston-Pasadena, TX",288,,,Houston,91835,Z5,A statistical county subdivision,Aldine Independent School District,4807710,PK,12,See unified,,,,See unified,,,,,,,
For Sale,Active,289000,https://mediahar.harstatic.com/790825436/lr/790825512.jpeg,https://www.har.com/homedetail/5720-horton-st-houston-tx-77026/17633156?cid=henjan,5720 Horton St,"Houston, TX 77026",Houston,TX,77026,For Sale,Single-Family,3,2,1,1677,29.811219,-95.34333,1,range_interpolation,5720 Horton St,,"Houston, TX 77026",,5720,Horton St,,,Houston,TX,,Harris County,77026,US,,TIGER/Line® from the US Census Bureau,gcod_usn8egcsrse3m4q437ym4aqvck3kh,,2025,48,48201,Houston,4835000,220100,1068,1,482012201001068,48201220100,"Houston-Pasadena-The Woodlands, TX",26420,metropolitan,"Houston-Pasadena, TX",288,,,Houston,91835,Z5,A statistical county subdivision,Houston Independent School District,4823640,PK,12,See unified,,,,See unified,,,,2220,,77026-2220,
Under Contract - Pending,Under Contract - P,322990,https://mediahar.harstatic.com/788785839/lr/788785849.jpeg,https://www.har.com/homedetail/5106-greengrass-willow-way-houston-tx-77048/17629893?cid=henjan,5106 Greengrass Willow Way,"Houston, TX 77048",Houston,TX,77048,For Sale,Single-Family,4,2,1,2042,29.614006,-95.333267,1,rooftop,5106 Greengrass Willow Way,,"Houston, TX 77048",,5106,Greengrass Willow Way,,,Houston,TX,,Harris County,77048,US,,City of Houston,gcod_usneb4z49q2f49r8uk9vjnn3qe73a,building_centroid,2025,48,48201,Houston,4835000,330801,2018,2,482013308012018,48201330801,"Houston-Pasadena-The Woodlands, TX",26420,metropolitan,"Houston-Pasadena, TX",288,,,Houston,91835,Z5,A statistical county subdivision,Houston Independent School District,4823640,PK,12,See unified,,,,See unified,,,,3904,,77048-3904,
Under Contract - Pending,Under Contract - P,269990,https://mediahar.harstatic.com/788477961/lr/788478018.jpeg,https://www.har.com/homedetail/5216-greengrass-willow-way-houston-tx-77048/17629520?cid=henjan,5216 Greengrass Willow Way,"Houston, TX 77048",Houston,TX,77048,For Sale,Single-Family,3,2,1293,209,29.613992,-95.330989,1,rooftop,5216 Greengrass Willow Way,,"Houston, TX 77048",,5216,Greengrass Willow Way,,,Houston,TX,,Harris County,77048,US,,City of Houston,gcod_usneb4z49q2f49r8s5wtujmn6auzb,building_centroid,2025,48,48201,Houston,4835000,330801,2018,2,482013308012018,48201330801,"Houston-Pasadena-The Woodlands, TX",26420,metropolitan,"Houston-Pasadena, TX",288,,,Houston,91835,Z5,A statistical county subdivision,Houston Independent School District,4823640,PK,12,See unified,,,,See unified,,,,3905,,77048-3905,
For Sale,Active,285990,https://mediahar.harstatic.com/788480419/lr/788486584.jpeg,https://www.har.com/homedetail/5213-greengrass-willow-way-houston-tx-77048/17629526?cid=henjan,5213 Greengrass Willow Way,"Houston, TX 77048",Houston,TX,77048,For Sale,Single-Family,3,2,1558,184,29.614447,-95.33112,1,rooftop,5213 Greengrass Willow Way,,"Houston, TX 77048",,5213,Greengrass Willow Way,,,Houston,TX,,Harris County,77048,US,,City of Houston,gcod_usneb4z49q2f49r8f72vvs2rztyd2,building_centroid,2025,48,48201,Houston,4835000,330801,2018,2,482013308012018,48201330801,"Houston-Pasadena-The Woodlands, TX",26420,metropolitan,"Houston-Pasadena, TX",288,,,Houston,91835,Z5,A statistical county subdivision,Houston Independent School District,4823640,PK,12,See unified,,,,See unified,,,,3905,,77048-3905,
For Sale,Active,313990,https://mediahar.harstatic.com/788492279/lr/803711550.jpeg,https://www.har.com/homedetail/5114-greengrass-willow-way-houston-tx-77048/17629534?cid=henjan,5114 Greengrass Willow Way,"Houston, TX 77048",Houston,TX,77048,For Sale,Single-Family,4,2,1,1951,29.614005,-95.332751,1,rooftop,5114 Greengrass Willow Way,,"Houston, TX 77048",,5114,Greengrass Willow Way,,,Houston,TX,,Harris County,77048,US,,City of Houston,gcod_usneb4z49q2f49r83hsppgumb75cd,building_centroid,2025,48,48201,Houston,4835000,330801,2018,2,482013308012018,48201330801,"Houston-Pasadena-The Woodlands, TX",26420,metropolitan,"Houston-Pasadena, TX",288,,,Houston,91835,Z5,A statistical county subdivision,Houston Independent School District,4823640,PK,12,See unified,,,,See unified,,,,3904,,77048-3904,
Under Contract - Pending,Under Contract - P,199990,https://mediahar.harstatic.com/788246298/lr/803709379.jpeg,https://www.har.com/homedetail/11712-watermelon-st-houston-tx-77048/17086743?cid=henjan,11712 Watermelon St,"Houston, TX 77048",Houston,TX,77048,For Sale,Single-Family,2,2,813,246,29.633766,-95.32656,1,rooftop,11712 Watermelon St,,"Houston, TX 77048",,11712,Watermelon St,,,Houston,TX,,Harris County,77048,US,,City of Houston,gcod_usngvcdd44txbkp3lxjeq4hxxnywb,building_centroid,2025,48,48201,Houston,4835000,331602,1003,1,482013316021003,48201331602,"Houston-Pasadena-The Woodlands, TX",26420,metropolitan,"Houston-Pasadena, TX",288,,,Houston,91835,Z5,A statistical county subdivision,Houston Independent School District,4823640,PK,12,See unified,,,,See unified,,,,1445,,77048-1445,
Under Contract - Pending Continue to Show,Under Contract - PS,295990,https://mediahar.harstatic.com/788487651/lr/803716396.jpeg,https://www.har.com/homedetail/5122-greengrass-willow-way-houston-tx-77048/17629527?cid=henjan,5122 Greengrass Willow Way,"Houston, TX 77048",Houston,TX,77048,For Sale,Single-Family,3,2,1617,183,29.614002,-95.332242,1,rooftop,5122 Greengrass Willow Way,,"Houston, TX 77048",,5122,Greengrass Willow Way,,,Houston,TX,,Harris County,77048,US,,City of Houston,gcod_usneb4z49q2f49r8uy5awlkp5dw99,building_centroid,2025,48,48201,Houston,4835000,330801,2018,2,482013308012018,48201330801,"Houston-Pasadena-The Woodlands, TX",26420,metropolitan,"Houston-Pasadena, TX",288,,,Houston,91835,Z5,A statistical county subdivision,Houston Independent School District,4823640,PK,12,See unified,,,,See unified,,,,3904,,77048-3904,
For Sale,Active,294990,https://mediahar.harstatic.com/788493972/lr/803713077.jpeg,https://www.har.com/homedetail/5112-greengrass-willow-way-houston-tx-77048/17629535?cid=henjan,5112 Greengrass Willow Way,"Houston, TX 77048",Houston,TX,77048,For Sale,Single-Family,3,2,1539,192,29.614006,-95.332881,1,rooftop,5112 Greengrass Willow Way,,"Houston, TX 77048",,5112,Greengrass Willow Way,,,Houston,TX,,Harris County,77048,US,,City of Houston,gcod_usneb4z49q2f49r8qwg5ucg4blrrd,building_centroid,2025,48,48201,Houston,4835000,330801,2018,2,482013308012018,48201330801,"Houston-Pasadena-The Woodlands, TX",26420,metropolitan,"Houston-Pasadena, TX",288,,,Houston,91835,Z5,A statistical county subdivision,Houston Independent School District,4823640,PK,12,See unified,,,,See unified,,,,3904,,77048-3904,
Under Contract - Pending,Under Contract - P,242990,https://mediahar.harstatic.com/788248248/lr/788248271.jpeg,https://www.har.com/homedetail/6008-madden-ln-houston-tx-77048/16586673?cid=henjan,6008 Madden Ln,"Houston, TX 77048",Houston,TX,77048,For Sale,Single-Family,3,2,1,1206,29.633261,-95.325932,1,rooftop,6008 Madden Ln,,"Houston, TX 77048",,6008,Madden Ln,,,Houston,TX,,Harris County,77048,US,,City of Houston,gcod_usna8uznth2hsd7etyl3cyeddg9ud,building_centroid,2025,48,48201,Houston,4835000,331602,1003,1,482013316021003,48201331602,"Houston-Pasadena-The Woodlands, TX",26420,metropolitan,"Houston-Pasadena, TX",288,,,Houston,91835,Z5,A statistical county subdivision,Houston Independent School District,4823640,PK,12,See unified,,,,See unified,,,,2222,,77048-2222,
For Sale,Active,264990,https://mediahar.harstatic.com/784736304/lr/784736425.jpeg,https://www.har.com/homedetail/5104-greengrass-willow-way-houston-tx-77048/17625787?cid=henjan,5104 Greengrass Willow Way,"Houston, TX 77048",Houston,TX,77048,For Sale,Single-Family,3,2,1293,205,29.614009,-95.333393,1,rooftop,5104 Greengrass Willow Way,,"Houston, TX 77048",,5104,Greengrass Willow Way,,,Houston,TX,,Harris County,77048,US,,City of Houston,gcod_usneb4z49q2f49r8a98sv2qxdqe7h,building_centroid,2025,48,48201,Houston,4835000,330801,2018,2,482013308012018,48201330801,"Houston-Pasadena-The Woodlands, TX",26420,metropolitan,"Houston-Pasadena, TX",288,,,Houston,91835,Z5,A statistical county subdivision,Houston Independent School District,4823640,PK,12,See unified,,,,See unified,,,,3904,,77048-3904,
Under Contract - Pending,Under Contract - P,297990,https://mediahar.harstatic.com/784738926/lr/784739045.jpeg,https://www.har.com/homedetail/5202-greengrass-willow-way-houston-tx-77048/17625789?cid=henjan,5202 Greengrass Willow Way,"Houston, TX 77048",Houston,TX,77048,For Sale,Single-Family,3,2,1617,184,29.613998,-95.331884,1,rooftop,5202 Greengrass Willow Way,,"Houston, TX 77048",,5202,Greengrass Willow Way,,,Houston,TX,,Harris County,77048,US,,City of Houston,gcod_usneb4z49q2f49r87zfteyvhv75sg,building_centroid,2025,48,48201,Houston,4835000,330801,2018,2,482013308012018,48201330801,"Houston-Pasadena-The Woodlands, TX",26420,metropolitan,"Houston-Pasadena, TX",288,,,Houston,91835,Z5,A statistical county subdivision,Houston Independent School District,4823640,PK,12,See unified,,,,See unified,,,,3905,,77048-3905,
Under Contract - Pending,Under Contract - P,309990,https://mediahar.harstatic.com/784741183/lr/784741220.jpeg,https://www.har.com/homedetail/5124-greengrass-willow-way-houston-tx-77048/17625791?cid=henjan,5124 Greengrass Willow Way,"Houston, TX 77048",Houston,TX,77048,For Sale,Single-Family,4,2,1,2042,29.614001,-95.332112,1,rooftop,5124 Greengrass Willow Way,,"Houston, TX 77048",,5124,Greengrass Willow Way,,,Houston,TX,,Harris County,77048,US,,City of Houston,gcod_usneb4z49q2f49r89y9tfl8mcbjga,building_centroid,2025,48,48201,Houston,4835000,330801,2018,2,482013308012018,48201330801,"Houston-Pasadena-The Woodlands, TX",26420,metropolitan,"Houston-Pasadena, TX",288,,,Houston,91835,Z5,A statistical county subdivision,Houston Independent School District,4823640,PK,12,See unified,,,,See unified,,,,3904,,77048-3904,
For Sale,Active,229990,https://mediahar.harstatic.com/783917064/lr/783917089.jpeg,https://www.har.com/homedetail/6010-pineapple-st-houston-tx-77048/17086778?cid=henjan,6010 pineapple St,"Houston, TX 77048",Houston,TX,77048,For Sale,Single-Family,3,2,1,1206,29.633938,-95.325936,1,rooftop,6010 Pineapple St,,"Houston, TX 77048",,6010,Pineapple St,,,Houston,TX,,Harris County,77048,US,,City of Houston,gcod_usn7rcbdrvkj6k2duejrzberpdsm2,building_centroid,2025,48,48201,Houston,4835000,331602,1003,1,482013316021003,48201331602,"Houston-Pasadena-The Woodlands, TX",26420,metropolitan,"Houston-Pasadena, TX",288,,,Houston,91835,Z5,A statistical county subdivision,Houston Independent School District,4823640,PK,12,See unified,,,,See unified,,,,1443,,77048-1443,
For Sale,Active,224990,https://mediahar.harstatic.com/776709659/lr/776709669.jpeg,https://www.har.com/homedetail/6013-pineapple-st-houston-tx-77048/17086754?cid=henjan,6013 Pineapple St,"Houston, TX 77048",Houston,TX,77048,For Sale,Single-Family,3,2,1023,220,29.634342,-95.325847,1,rooftop,6013 Pineapple St,,"Houston, TX 77048",,6013,Pineapple St,,,Houston,TX,,Harris County,77048,US,,City of Houston,gcod_usn7rcbdrvkj6k2d6a646nrv6e6ng,building_centroid,2025,48,48201,Houston,4835000,331602,1003,1,482013316021003,48201331602,"Houston-Pasadena-The Woodlands, TX",26420,metropolitan,"Houston-Pasadena, TX",288,,,Houston,91835,Z5,A statistical county subdivision,Houston Independent School District,4823640,PK,12,See unified,,,,See unified,,,,1443,,77048-1443,
Under Contract - Pending,Under Contract - P,259990,https://mediahar.harstatic.com/773937129/lr/773937184.jpeg,https://www.har.com/homedetail/11955-mulberry-vine-ln-houston-tx-77048/17440467?cid=henjan,11955 mulberry vine Ln,"Houston, TX 77048",Houston,TX,77048,For Sale,Single-Family,3,2,1434,181,29.631246,-95.317781,1,rooftop,11955 Mulberry Vine Ln,,"Houston, TX 77048",,11955,Mulberry Vine Ln,,,Houston,TX,,Harris County,77048,US,,City of Houston,gcod_usn7ez3chwqe62y7prszwkzp7dds5,building_centroid,2025,48,48201,Houston,4835000,331602,1010,1,482013316021010,48201331602,"Houston-Pasadena-The Woodlands, TX",26420,metropolitan,"Houston-Pasadena, TX",288,,,Houston,91835,Z5,A statistical county subdivision,Houston Independent School District,4823640,PK,12,See unified,,,,See unified,,,,1628,,77048-1628,
For Sale,Active,265990,https://mediahar.harstatic.com/773934011/lr/773934095.jpeg,https://www.har.com/homedetail/11926-sweet-apple-ln-houston-tx-77048/17440507?cid=henjan,11926 Sweet Apple Ln,"Houston, TX 77048",Houston,TX,77048,For Sale,Single-Family,4,2,1573,169,29.630784,-95.321194,1,rooftop,11926 Sweet Apple Ln,,"Houston, TX 77048",,11926,Sweet Apple Ln,,,Houston,TX,,Harris County,77048,US,,City of Houston,gcod_usn6l4bpubn2py3aerhxj9fshjj5b,building_centroid,2025,48,48201,Houston,4835000,331602,1010,1,482013316021010,48201331602,"Houston-Pasadena-The Woodlands, TX",26420,metropolitan,"Houston-Pasadena, TX",288,,,Houston,91835,Z5,A statistical county subdivision,Houston Independent School District,4823640,PK,12,See unified,,,,See unified,,,,1626,,77048-1626,
Under Contract - Pending,Under Contract - P,269990,https://mediahar.harstatic.com/773783283/lr/773796784.jpeg,https://www.har.com/homedetail/5205-greengrass-willow-way-houston-tx-77048/17607667?cid=henjan,5205 Greengrass Willow Way,"Houston, TX 77048",Houston,TX,77048,For Sale,Single-Family,3,2,1293,209,29.614458,-95.331636,1,rooftop,5205 Greengrass Willow Way,,"Houston, TX 77048",,5205,Greengrass Willow Way,,,Houston,TX,,Harris County,77048,US,,City of Houston,gcod_usneb4z49q2f49r826a3flh9mxzxh,building_centroid,2025,48,48201,Houston,4835000,330801,2018,2,482013308012018,48201330801,"Houston-Pasadena-The Woodlands, TX",26420,metropolitan,"Houston-Pasadena, TX",288,,,Houston,91835,Z5,A statistical county subdivision,Houston Independent School District,4823640,PK,12,See unified,,,,See unified,,,,3905,,77048-3905,
For Sale,Active,279990,https://mediahar.harstatic.com/773812947/lr/808790067.jpeg,https://www.har.com/homedetail/5206-greengrass-willow-way-houston-tx-77048/17088942?cid=henjan,5206 Greengrass Willow Way,"Houston, TX 77048",Houston,TX,77048,For Sale,Single-Family,3,2,1617,173,29.613996,-95.331628,1,rooftop,5206 Greengrass Willow Way,,"Houston, TX 77048",,5206,Greengrass Willow Way,,,Houston,TX,,Harris County,77048,US,,City of Houston,gcod_usneb4z49q2f49r8gbfnjrcsxg8l6,building_centroid,2025,48,48201,Houston,4835000,330801,2018,2,482013308012018,48201330801,"Houston-Pasadena-The Woodlands, TX",26420,metropolitan,"Houston-Pasadena, TX",288,,,Houston,91835,Z5,A statistical county subdivision,Houston Independent School District,4823640,PK,12,See unified,,,,See unified,,,,3905,,77048-3905,
For Sale,Active,199900,https://mediahar.harstatic.com/769915793/lr/769919260.jpeg,https://www.har.com/homedetail/0-larkspur-ave-houston-tx-77051/3165403?cid=henjan,4406 LARKSPUR Ave,"Houston, TX 77051",Houston,TX,77051,For Sale,Single-Family,3,3,1227,163,29.661029,-95.361526,1,rooftop,4406 Larkspur St,,"Houston, TX 77051",,4406,Larkspur St,,,Houston,TX,,Harris County,77051,US,,City of Houston,gcod_usn2h27d93lxlbc4ywm5nx3ycqndb,building_centroid,2025,48,48201,Houston,4835000,331200,1023,1,482013312001023,48201331200,"Houston-Pasadena-The Woodlands, TX",26420,metropolitan,"Houston-Pasadena, TX",288,,,Houston,91835,Z5,A statistical county subdivision,Houston Independent School District,4823640,PK,12,See unified,,,,See unified,,,,2824,,77051-2824,
For Sale,Active,249990,https://mediahar.harstatic.com/762224009/lr/762224032.jpeg,https://www.har.com/homedetail/11928-sweet-apple-ln-houston-tx-77048/17440508?cid=henjan,11928 Sweet Apple Ln,"Houston, TX 77048",Houston,TX,77048,For Sale,Single-Family,3,2,1156,216,29.630676,-95.321195,1,rooftop,11928 Sweet Apple Ln,,"Houston, TX 77048",,11928,Sweet Apple Ln,,,Houston,TX,,Harris County,77048,US,,City of Houston,gcod_usn6l4bpubn2py3aj74w2pq5ulx8e,building_centroid,2025,48,48201,Houston,4835000,331602,1010,1,482013316021010,48201331602,"Houston-Pasadena-The Woodlands, TX",26420,metropolitan,"Houston-Pasadena, TX",288,,,Houston,91835,Z5,A statistical county subdivision,Houston Independent School District,4823640,PK,12,See unified,,,,See unified,,,,1626,,77048-1626,
Under Contract - Pending,Under Contract - P,195884,https://mediahar.harstatic.com/754740445/lr/754740561.jpeg,https://www.har.com/homedetail/6722-utah-st-houston-tx-77091/17621975?cid=henjan,6722 Utah St,"Houston, TX 77091",Houston,TX,77091,For Sale,Single-Family,3,3,1227,160,29.862671,-95.424169,1,rooftop,6722 Utah St,,"Houston, TX 77091",,6722,Utah St,,,Houston,TX,,Harris County,77091,US,,Harris Central Appraisal District,gcod_usnr52mktklh3hm3c92tme7zzbm92,,2025,48,48201,Houston,4835000,530800,1021,1,482015308001021,48201530800,"Houston-Pasadena-The Woodlands, TX",26420,metropolitan,"Houston-Pasadena, TX",288,,,Houston,91835,Z5,A statistical county subdivision,Houston Independent School District,4823640,PK,12,See unified,,,,See unified,,,,2236,,77091-2236,
Under Contract - Pending,Under Contract - P,259990,https://mediahar.harstatic.com/753168116/lr/753168146.jpeg,https://www.har.com/homedetail/11913-sweet-apple-ln-houston-tx-77048/17440556?cid=henjan,11913 Sweet Apple Ln,"Houston, TX 77048",Houston,TX,77048,For Sale,Single-Family,3,2,1434,181,29.631248,-95.320715,1,rooftop,11913 Sweet Apple Ln,,"Houston, TX 77048",,11913,Sweet Apple Ln,,,Houston,TX,,Harris County,77048,US,,City of Houston,gcod_usn6l4bpubn2py3a8djdh89mfbzmb,building_centroid,2025,48,48201,Houston,4835000,331602,1010,1,482013316021010,48201331602,"Houston-Pasadena-The Woodlands, TX",26420,metropolitan,"Houston-Pasadena, TX",288,,,Houston,91835,Z5,A statistical county subdivision,Houston Independent School District,4823640,PK,12,See unified,,,,See unified,,,,1626,,77048-1626,
Under Contract - Pending,Under Contract - P,197620,https://mediahar.harstatic.com/720113212/lr/754728167.jpeg,https://www.har.com/homedetail/6616-apollo-st-houston-tx-77091/2966799?cid=henjan,6616 Apollo St,"Houston, TX 77091",Houston,TX,77091,For Sale,Single-Family,3,3,1227,161,29.860141,-95.428128,1,rooftop,6616 Apollo St,,"Houston, TX 77091",,6616,Apollo St,,,Houston,TX,,Harris County,77091,US,,City of Houston,gcod_usngtu583xqxhc4cfllz6hk65rdh7,building_centroid,2025,48,48201,Houston,4835000,530800,2007,2,482015308002007,48201530800,"Houston-Pasadena-The Woodlands, TX",26420,metropolitan,"Houston-Pasadena, TX",288,,,Houston,91835,Z5,A statistical county subdivision,Houston Independent School District,4823640,PK,12,See unified,,,,See unified,,,,2004,,77091-2004,
